<assembly>
  <id>dist</id>
  <formats>
    <format>zip</format>
    <format>tar.gz</format>
  </formats>
  <fileSets>
    <fileSet>
      <includes>
        <include>${project.basedir}/README*</include>
        <include>${project.basedir}/LICENSE*</include>
        <include>${project.basedir}/NOTICE*</include>
      </includes>
      <outputDirectory>/</outputDirectory>
    </fileSet>
  </fileSets>
  <files>
    <file>
      <source>${project.basedir}/src/main/bin/run</source>
      <fileMode>755</fileMode>
      <outputDirectory>/bin</outputDirectory>
    </file>
    <file>
      <source>${project.basedir}/src/main/bin/kill_ppid</source>
      <fileMode>755</fileMode>
      <outputDirectory>/bin</outputDirectory>
    </file>
    <file>
      <source>${project.basedir}/src/main/resources/couchdb-lucene.ini</source>
      <fileMode>644</fileMode>
      <outputDirectory>/conf</outputDirectory>
    </file>
    <file>
      <source>${project.basedir}/src/main/resources/log4j.xml</source>
      <fileMode>644</fileMode>
      <outputDirectory>/conf</outputDirectory>
    </file>
    <file>
      <source>${project.basedir}/couchdb-external-hook.py</source>
      <fileMode>777</fileMode>
      <outputDirectory>/tools</outputDirectory>
    </file>
    <file>
      <source>${project.basedir}/src/main/tools/etc/init.d/couchdb-lucene</source>
      <fileMode>755</fileMode>
      <outputDirectory>/tools/etc/init.d/couchdb-lucene</outputDirectory>
    </file>
  </files>
  <dependencySets>
    <dependencySet>
      <scope>runtime</scope>
      <outputDirectory>/lib</outputDirectory>
    </dependencySet>
  </dependencySets>
</assembly>
